2020-Blockzilla,Website
10,allegro.pl
1,aliexpress.ru
38,alwafd.news
33,9gag.com
1,ameblo.jp
1,ai.marketing
1,1337x.to
3,chaturbate.com
2,animeflv.net
2,archive.org
20,babytree.com
23,cjdropshipping.com
10,as.com
1,chouftv.ma
1,bongacams.com
3,bitly.com
2,axieinfinity.com
4,depositphotos.com
3,codepen.io
47,crowdworks.jp
1,crypto.com
1,discord.com
2,cnnic.cn
22,coinmarketcap.com
2,cuevana3.io
14,elpais.com
1,duckduckgo.com
2,divar.ir
1,disqus.com
1,evernote.com
17,eksisozluk.com
1,dnevnik.ru
1,discordapp.com
6,elementor.com
1,envato.com
7,genius.com
5,fril.jp
1,github.com
1,getadblock.com
4,fc2.com
8,freshdesk.com
4,fontawesome.com
2,flickr.com
1,ftx.com
1,imgur.com
4,go.com
12,kakaku.com
1,kinogo.biz
10,kumparan.com
3,hootsuite.com
16,heavy.com
1,mail.ru
1,myworkdayjobs.com
1,myshopify.com
1,leetcode.com
4,mailchimp.com
9,monday.com
4,metamask.io
1,namnak.com
8,meesho.com
2,medium.com
2,lenta.ru
1,ok.ru
2,opensea.io
1,parsfootball.com
3,pixabay.com
1,note.com
2,payu.in
1,pngtree.com
2,padlet.com
3,patch.com
23,nypost.com
1,panda.tv
5,nextdoor.com
1,onlyfans.com
3,people.com.cn
1,poki.com
8,rctiplus.com
4,quillbot.com
3,rezka.ag
2,renren.com
12,prnt.sc
1,razorpay.com
2,quizlet.com
1,shareasale.com
5,shopee.com.my
1,rutracker.org.
1,roozaneh.net
1,shayanews.com
1,shaparak.ir
5,shopee.co.id
11,ria.ru
2,shopee.tw
5,shopee.co.th
3,stackoverflow.com
1,smallpdf.com
6,slickdeals.net
8,slack.com
1,spankbang.com
8,sohu.com
4,sourceforge.net
6,shopee.vn
3,soundcloud.com
2,stackexchange.com
1,substack.com
1,steamcommunity.com
1,stripchat.com
4,taleo.net
5,teachable.com
14,sxyprn.com
1,telegram.org
9,techcrunch.com
12,stockx.com
1,tejaratnews.com
1,t.co
2,themeforest.net
17,u.gg
1,tutorialspoint.com
8,tinder.com
15,unsplash.com
1,trustwallet.com
1,uchi.ru
1,tudou.com
11,udn.com
18,trello.com
1,thepiratebay.org
8,vimeo.com
7,ups.com
5,vnexpress.net
1,360.cn
2,wazirx.com
0,163.com
1,weather.com
5,web.de
1,wetransfer.com
1,wordpress.org
1,258.com
2,vk.com
3,6.cn
3,51.la
15,aajtak.in
3,52pk.com
1,51sole.com
18,51yes.com
8,abs-cbn.com
26,accuweather.com
5,academia.edu
1,addthis.com
2,adobe.com
71,airbnb.com
14,albawabhnews.com
15,adp.com
1,alipay.com
1,aliexpress.com
6,alibaba.com
1,agoda.com
13,allrecipes.com
1,amazon.com.br
7,amazon.com.au
10,amazon.com
8,amazon.co.jp
8,amazon.co.uk
6,alodokter.com
7,amazon.ca
10,amazon.in
6,amazon.fr
1,android.com
7,amazon.es
4,americanexpress.com
7,amazon.sa
6,amazon.it
6,amazon.de
6,ask.com
3,asos.com
8,att.com
1,asus.com
21,aol.com
2,atlassian.com
1,aparat.com
1,asriran.com
11,apple.com
2,bet9ja.com
1,bankofamerica.com
14,bedbathandbeyond.com
1,bet365.com
1,bbc.co.uk
7,bestbuy.com
1,baidu.com
16,biblegateway.com
3,blackboard.com
23,bloomberg.com
1,biobiochile.cl
1,bhphotovideo.com
4,bilibili.com
1,bing.com
2,bhaskar.com
18,bukalapak.com
5,booking.com
1,breitbart.com
7,bluehost.com
11,bolasport.com
1,capitalone.com
4,ca.gov
0,chaduo.com
1,bybit.com
1,cambridge.org
1,canva.com
1,cbssports.com
6,businessinsider.com
11,clickbank.com
12,cj.com
1,chinanetrank.com
5,chase.com
1,chess.com
5,chegg.com
12,chron.com
6,cnbc.com
0,cloudways.com
11,cnet.com
31,cnbeta.com
11,clickfunnels.com
1,cloudflare.com
2,coinbase.com
1,costco.com
1,cricbuzz.com
1,coupang.com
1,codelist.cc
1,coinpayu.com
17,coursehero.com
8,cnnindonesia.com
19,cnn.com
5,dangdang.com
17,crunchyroll.com
1,cvs.com
1,dailymotion.com
3,daum.net
21,csdn.net
80,dcinside.com
26,digikala.com
1,dianping.com
1,dell.com
29,detik.com
3,delgarm.com
1,disneyplus.com
4,deviantart.com
2,delta.com
8,douban.com
19,dostor.org
5,dmm.co.jp
1,doordash.com
2,docin.com
5,dstv.com
5,dropbox.com
8,ea.com
6,ebc.net.tw
11,ebay.com.au
5,ebay-kleinanzeigen.de
11,ebay.com
12,eatthis.com
11,ebay.co.uk
9,ebay.de
3,endclothing.com
1,ensonhaber.com
13,espn.com
8,ecer.com
1,eee114.com
15,elbalad.news
0,elwatannews.com
1,eghtesadnews.com
1,eventbrite.com
27,expedia.com
0,ettoday.net
11,etoro.com
20,espncricinfo.com
1,fardanews.com
2,facebook.com
10,fandom.com
5,flashscore.com
14,formula1.com
4,filimo.com
13,fiverr.com
0,flipkart.com
27,forbes.com
2,fidelity.com
4,farfetch.com
1,fedex.com
3,globo.com
2,gap.com
0,gismeteo.ru
5,gmx.net
20,geeksforgeeks.org
1,foxnews.com
6,freepik.com
3,freecodecamp.org
2,freelancer.com
11,globalsources.com
4,google.co.uk
1,gome.com.cn
4,google.ca
8,goodreads.com
4,google.co.th
4,google.az
4,google.co.jp
4,google.co.in
4,google.co.kr
4,google.co.id
1,godaddy.com
1,google.cn
6,google.com
4,google.com.sg
4,google.com.au
4,google.com.hk
4,google.com.br
4,google.co.ve
4,google.com.ar
4,google.com.sa
4,google.com.mx
4,google.com.tr
4,google.com.eg
4,google.com.vn
4,google.ru
1,google.dz
4,google.com.tw
1,google.com.ua
4,google.fr
4,google.gr
4,google.de
4,google.pl
4,google.es
4,google.ro
4,google.it
1,gosuslugi.ru
13,grammarly.com
12,grid.id
1,hepsiburada.com
1,haiwainet.cn
3,hbomax.com
2,hao123.com
8,healthline.com
7,hostgator.com
13,hindustantimes.com
1,gusuwang.com
8,hdfcbank.com
3,homedepot.com
7,gsmarena.com
2,hotstar.com
1,huim.com
4,ign.com
2,ibicn.com
17,idntimes.com
1,house365.com
4,icicibank.com
3,indeed.com
13,indiatimes.com
0,ih5.cn
1,ikea.com
3,iliangcang.com
5,imdb.com
2,instagram.com
15,in.gr
1,ilovepdf.com
3,instructure.com
3,indiamart.com
5,iherb.com
1,info.com
22,inquirer.net
11,irctc.co.in
7,investing.com
6,investopedia.com
4,istockphoto.com
12,irs.gov
3,iqiyi.com
15,ionos.com
0,intuit.com
7,jianshu.com
1,iweihai.cn
1,it168.com
1,iyiou.com
2,japanpost.jp
15,jawapos.com
29,jd.com
0,jiameng.com
13,kapanlagi.com
4,ladbible.com
4,kickstarter.com
19,kooora.com
3,kohls.com
3,jotform.com
19,kompas.com
1,kuronekoyamato.co.jp
1,lazada.co.th
1,lazada.sg
1,lenovo.com
8,livejournal.com
12,liputan6.com
1,liansuo.com
2,linkedin.com
2,livescore.com
14,leboncoin.fr
3,matchesfashion.com
7,marca.com
2,macys.com
8,ltn.com.tw
4,lyst.com
2,makemytrip.com
1,mercadolibre.com.mx
12,mathrubhumi.com
26,mercari.com
2,mercadolibre.com.ar
1,meituan.com
6,mediafire.com
12,merdeka.com
4,moneycontrol.com
11,mheducation.com
1,myntra.com
3,msn.com
1,momoshop.com.tw
13,merriam-webster.com
20,metropoles.com
1,mit.edu
1,messenger.com
5,namecheap.com
1,namasha.com
4,naukri.com
5,naver.com
5,ndtv.com
4,mytheresa.com
0,nba.com
1,n11.com
2,nfl.com
5,nih.gov
7,newegg.com
1,nicovideo.jp
4,netflix.com
18,nikkei.com
14,news18.com
6,nordstrom.com
9,nike.com
10,oschina.net
1,okta.com
0,nvidia.com
1,onlinesbi.com
0,oeeee.com
3,otto.de
35,olx.in
3,okezone.com
16,ouedkniss.com
6,npr.org
9,nytimes.com
9,office.com
1,paypal.com
1,outbrain.com
6,overstock.com
1,patreon.com
1,ozon.ru
2,pcbaby.com.cn
9,pchome.com.tw
20,pixnet.net
4,pexels.com
3,pinterest.com
1,pikiran-rakyat.com
14,pornhub.com
7,pcmag.com
29,proiezionidiborsa.it
2,qoo10.sg
6,premierleague.com
1,primevideo.com
2,rakuten.co.jp
1,qq.com
18,realtor.com
2,redfin.com
1,reddit.com
1,rambler.ru
4,redbubble.com
2,rednet.cn
9,rakuten.com
3,roblox.com
1,rokna.net
1,researchgate.net
7,rottentomatoes.com
3,rt.com
16,reuters.com
2,scribd.com
1,runoob.com
20,setn.com
1,sahibinden.com
1,sciencedirect.com
29,seznam.cz
16,sarkariresult.com
14,schwab.com
6,salesforce.com
14,sina.com.cn
10,shutterfly.com
12,shopify.com
5,shopstyle.com
11,shein.com
1,shopbop.com
1,shutterstock.com
2,sindonews.com
1,shippingchina.com
6,speedtest.net
1,sogou.com
5,sportbible.com
10,slideshare.net
3,sonhoo.com
1,so.com
1,soso.com
1,southcn.com
9,sporx.com
0,softonic.com
14,squarespace.com
5,ssense.com
7,t-mobile.com
7,suara.com
20,surveymonkey.com
5,taboola.com
1,tamin.ir
2,t66y.com
17,thesaurus.com
8,theepochtimes.com
8,thingiverse.com
1,telewebion.com
3,target.com
3,taobao.com
1,tianya.cn
0,tiktok.com
4,tradingview.com
16,tribunnews.com
14,tokopedia.com
2,trendyol.com
0,tripadvisor.com
2,tmall.com
1,trustpilot.com
2,ticketmaster.com
7,upwork.com
2,ultimate-guitar.com
1,udemy.com
1,uidai.gov.in
2,united.com
1,turkiye.gov.tr
16,uol.com.br
4,tumblr.com
0,uptodown.com
1,ubereats.com
49,usatoday.com
7,usps.com
1,vvvdj.com
7,vidio.com
12,usnews.com
1,visitbeijing.com.cn
14,webmd.com
6,walgreens.com
44,w3schools.com
1,wikimedia.org
4,walmart.com
3,weebly.com
9,wellsfargo.com
2,whatsapp.com
27,washingtonpost.com
1,w3school.com.cn
11,wish.com
0,xinhuanet.com
1,wikipedia.org
2,wp.pl
7,wix.com
1,xnxx.com
1,ximalaya.com
19,worldometers.info
8,xfinity.com
1,xabbs.com
14,wsj.com
5,y2mate.com
4,yelp.com
16,yoox.com
14,yeniakit.com.tr
1,xvideos.com
10,youporn.com
7,zendesk.com
2,yahoo.com
3,youtube.com
1,yahoo.co.jp
15,youm7.com
1,zhiding.cn
22,zhibo8.cc
1,zara.com
5,yy.com
17,yandex.ru
3,xhamster.com
1,zerodha.com
1,zhihu.com
1,xhamsterlive.com
1,verizon.com
4,yts.mx
8,hp.com
5,zoho.com
1,canada.ca
16,zol.com.cn
14,zillow.com
2,zoom.us
